,fnard,fnok,cark,gnuck
fnard,1.0,0.03527481706154235,0.08094613828745217,-0.059725975923705384
fnok,0.03527481706154235,1.0,-0.011025100267886641,0.03823094439507071
cark,0.08094613828745217,-0.011025100267886641,1.0,0.08447388447545177
gnuck,-0.059725975923705384,0.03823094439507071,0.08447388447545177,1.0
